{
  "n_rows": 164190,
  "groups": {
    "Llama-3.2-1B-Instruct_arc_lxt4": {
      "n_rows": 2321,
      "n_flip": 813,
      "mean_repair_flip": 0.7180219293373831,
      "mean_repair_noflip": 0.7334836305017813,
      "regression": {
        "n_obs": 2321,
        "n_clusters": 618,
        "repair_coef": -0.0728884168787766,
        "repair_p": 0.17571573115803962
      }
    },
    "Llama-3.2-1B-Instruct_arc_random4": {
      "n_rows": 2451,
      "n_flip": 454,
      "mean_repair_flip": 0.723200900832987,
      "mean_repair_noflip": 0.7393949190168663,
      "regression": {
        "n_obs": 2451,
        "n_clusters": 618,
        "repair_coef": -0.09042044294919246,
        "repair_p": 0.16473492654921762
      }
    },
    "Llama-3.2-1B-Instruct_commonsense_qa_lxt4": {
      "n_rows": 2736,
      "n_flip": 982,
      "mean_repair_flip": 0.6797203227968662,
      "mean_repair_noflip": 0.6888045968154409,
      "regression": {
        "n_obs": 2736,
        "n_clusters": 712,
        "repair_coef": -0.06022958601046543,
        "repair_p": 0.21820305092684245
      }
    },
    "Llama-3.2-1B-Instruct_commonsense_qa_random4": {
      "n_rows": 2802,
      "n_flip": 803,
      "mean_repair_flip": 0.6993691820284795,
      "mean_repair_noflip": 0.7100449051333404,
      "regression": {
        "n_obs": 2802,
        "n_clusters": 712,
        "repair_coef": -0.09002483868858463,
        "repair_p": 0.062305602300676985
      }
    },
    "Llama-3.2-1B-Instruct_gsm8k_lxt4": {
      "n_rows": 1751,
      "n_flip": 517,
      "mean_repair_flip": 0.7520498153780599,
      "mean_repair_noflip": 0.7591156046143227,
      "regression": {
        "n_obs": 1751,
        "n_clusters": 461,
        "repair_coef": -0.026497671987761203,
        "repair_p": 0.6787209102067763
      }
    },
    "Llama-3.2-1B-Instruct_gsm8k_random4": {
      "n_rows": 1841,
      "n_flip": 499,
      "mean_repair_flip": 0.7507874238825514,
      "mean_repair_noflip": 0.7444484916733558,
      "regression": {
        "n_obs": 1841,
        "n_clusters": 464,
        "repair_coef": 0.08876826449881228,
        "repair_p": 0.1910051175515326
      }
    },
    "Llama-3.2-1B-Instruct_mmlu_lxt4": {
      "n_rows": 4622,
      "n_flip": 1730,
      "mean_repair_flip": 0.7037232258071789,
      "mean_repair_noflip": 0.7193797653023138,
      "regression": {
        "n_obs": 4622,
        "n_clusters": 1277,
        "repair_coef": -0.11231845820027962,
        "repair_p": 0.003840019959408816
      }
    },
    "Llama-3.2-1B-Instruct_mmlu_random4": {
      "n_rows": 5046,
      "n_flip": 1246,
      "mean_repair_flip": 0.7283194099536485,
      "mean_repair_noflip": 0.7366025572074087,
      "regression": {
        "n_obs": 5046,
        "n_clusters": 1278,
        "repair_coef": -0.044308260856031276,
        "repair_p": 0.28196613291518735
      }
    },
    "Llama-3.2-1B-Instruct_mmlu_pro_lxt4": {
      "n_rows": 972,
      "n_flip": 390,
      "mean_repair_flip": 0.7212417510075447,
      "mean_repair_noflip": 0.7318397458271473,
      "regression": {
        "n_obs": 972,
        "n_clusters": 263,
        "repair_coef": -0.008437395186927994,
        "repair_p": 0.9230140779436027
      }
    },
    "Llama-3.2-1B-Instruct_mmlu_pro_random4": {
      "n_rows": 1041,
      "n_flip": 320,
      "mean_repair_flip": 0.740262552164495,
      "mean_repair_noflip": 0.7600733441883252,
      "regression": {
        "n_obs": 1041,
        "n_clusters": 263,
        "repair_coef": -0.10954200238442946,
        "repair_p": 0.19368966894871542
      }
    },
    "Llama-3.2-3B-Instruct_arc_lxt4": {
      "n_rows": 3394,
      "n_flip": 635,
      "mean_repair_flip": 0.7194555353461288,
      "mean_repair_noflip": 0.7583067919323089,
      "regression": {
        "n_obs": 3394,
        "n_clusters": 896,
        "repair_coef": -0.24495198224542383,
        "repair_p": 8.265497512953477e-06
      }
    },
    "Llama-3.2-3B-Instruct_arc_random4": {
      "n_rows": 3564,
      "n_flip": 397,
      "mean_repair_flip": 0.7287533338784571,
      "mean_repair_noflip": 0.743525086346582,
      "regression": {
        "n_obs": 3564,
        "n_clusters": 899,
        "repair_coef": -0.18122261311062987,
        "repair_p": 0.004618797472233014
      }
    },
    "Llama-3.2-3B-Instruct_commonsense_qa_lxt4": {
      "n_rows": 3428,
      "n_flip": 951,
      "mean_repair_flip": 0.6735726653526759,
      "mean_repair_noflip": 0.6997924728419062,
      "regression": {
        "n_obs": 3428,
        "n_clusters": 893,
        "repair_coef": -0.1426796469232969,
        "repair_p": 0.002463534811477549
      }
    },
    "Llama-3.2-3B-Instruct_commonsense_qa_random4": {
      "n_rows": 3509,
      "n_flip": 664,
      "mean_repair_flip": 0.6884757356650858,
      "mean_repair_noflip": 0.7157521911266609,
      "regression": {
        "n_obs": 3509,
        "n_clusters": 890,
        "repair_coef": -0.21022443747657835,
        "repair_p": 6.448182322083575e-05
      }
    },
    "Llama-3.2-3B-Instruct_gsm8k_lxt4": {
      "n_rows": 3485,
      "n_flip": 660,
      "mean_repair_flip": 0.7249359534545379,
      "mean_repair_noflip": 0.7568743777169591,
      "regression": {
        "n_obs": 3485,
        "n_clusters": 900,
        "repair_coef": -0.2444886354511442,
        "repair_p": 6.663115767434351e-06
      }
    },
    "Llama-3.2-3B-Instruct_gsm8k_random4": {
      "n_rows": 3600,
      "n_flip": 574,
      "mean_repair_flip": 0.7297654861668676,
      "mean_repair_noflip": 0.7495964605408004,
      "regression": {
        "n_obs": 3600,
        "n_clusters": 906,
        "repair_coef": -0.17045288756624863,
        "repair_p": 0.002172010974993434
      }
    },
    "Llama-3.2-3B-Instruct_mmlu_lxt4": {
      "n_rows": 6455,
      "n_flip": 1577,
      "mean_repair_flip": 0.7148172491777526,
      "mean_repair_noflip": 0.7337492828812204,
      "regression": {
        "n_obs": 6455,
        "n_clusters": 1776,
        "repair_coef": -0.10802820495677283,
        "repair_p": 0.0024011828957467493
      }
    },
    "Llama-3.2-3B-Instruct_mmlu_random4": {
      "n_rows": 6969,
      "n_flip": 1148,
      "mean_repair_flip": 0.728144037806614,
      "mean_repair_noflip": 0.7418735257345589,
      "regression": {
        "n_obs": 6969,
        "n_clusters": 1773,
        "repair_coef": -0.11780200058102037,
        "repair_p": 0.0020759646266456317
      }
    },
    "Llama-3.2-3B-Instruct_mmlu_pro_lxt4": {
      "n_rows": 1897,
      "n_flip": 694,
      "mean_repair_flip": 0.7268502661791933,
      "mean_repair_noflip": 0.7468142496082848,
      "regression": {
        "n_obs": 1897,
        "n_clusters": 512,
        "repair_coef": -0.130192852551048,
        "repair_p": 0.03627004838401372
      }
    },
    "Llama-3.2-3B-Instruct_mmlu_pro_random4": {
      "n_rows": 2023,
      "n_flip": 427,
      "mean_repair_flip": 0.7362886259650737,
      "mean_repair_noflip": 0.7567223109734387,
      "regression": {
        "n_obs": 2023,
        "n_clusters": 513,
        "repair_coef": -0.0913760938662614,
        "repair_p": 0.1881373240781301
      }
    },
    "Mistral-7B-Instruct-v0.3_arc_lxt4": {
      "n_rows": 3462,
      "n_flip": 499,
      "mean_repair_flip": 0.7311750676087244,
      "mean_repair_noflip": 0.7688435911780228,
      "regression": {
        "n_obs": 3462,
        "n_clusters": 915,
        "repair_coef": -0.2769531732980319,
        "repair_p": 5.725316049740609e-06
      }
    },
    "Mistral-7B-Instruct-v0.3_arc_random4": {
      "n_rows": 3587,
      "n_flip": 311,
      "mean_repair_flip": 0.7590570992212203,
      "mean_repair_noflip": 0.7804141955334188,
      "regression": {
        "n_obs": 3587,
        "n_clusters": 914,
        "repair_coef": -0.11490135964181364,
        "repair_p": 0.08991078106836686
      }
    },
    "Mistral-7B-Instruct-v0.3_commonsense_qa_lxt4": {
      "n_rows": 3455,
      "n_flip": 684,
      "mean_repair_flip": 0.6589398895177925,