,coef,se,z,p
const,-0.5554839170886033,0.09325200844695306,-5.956803787283505,2.5721875123422854e-09
repair_score,-0.130192852551048,0.062177592727413106,-2.09388699111936,0.03627004838401372
split_increment,-0.055444353216631395,0.05997840816236422,-0.9244052137319326,0.3552753812097771
zipf_freq,-0.15382777314726329,0.05678974839080001,-2.7087243297627204,0.006754243393318793
r_q,-0.11323143739728518,0.05429258289963455,-2.0855783856628296,0.037016830927415326
