,coef,se,z,p
const,-0.5942993809675013,0.06192539340496892,-9.597022292309159,8.228732495517698e-22
repair_score,-0.06276312338250728,0.035634921962324026,-1.7612813477988045,0.0781907954172067
split_increment,-0.05305807543645136,0.03705610748662126,-1.4318307840511162,0.15219225490362376
zipf_freq,-0.14990671530089067,0.03901255177746434,-3.842525250744672,0.0001217748810874215
r_q,-0.0480042453180733,0.03135041791489561,-1.531215483263619,0.1257161453860022
