,coef,se,z,p
const,-0.8381193458227241,0.029096456737563014,-28.80485941577645,1.8644887230512858e-182
repair_score,-0.1018165754800049,0.0173376284022431,-5.8725780203497795,4.290696603100323e-09
split_increment,-0.0007801170162596166,0.016884700794218443,-0.046202596407674545,0.9631487730525106
zipf_freq,-0.07977030803979993,0.017664323679249888,-4.515899362368758,6.304860341388962e-06
r_q,0.10922589995629263,0.015417194787063897,7.084680544345252,1.3936541157509622e-12
