,coef,se,z,p
const,-1.3863633885380582,0.08427868743460894,-16.449750592209032,8.421430430037455e-61
repair_score,-0.13473524131900516,0.047441041303181525,-2.840056575865451,0.004510553339603221
split_increment,-0.08794604964338697,0.05024540890168882,-1.7503300613089643,0.0800613765643398
zipf_freq,-0.18467991796415503,0.049128952049589975,-3.759085228965236,0.00017053574135845196
r_q,-0.0642044460591546,0.041670319921703586,-1.5407716134599276,0.12337238045103287
