,coef,se,z,p
const,-1.2989654451377943,0.015212707128456224,-85.38686994821629,0.0
repair_score,-0.12756168730095918,0.010100809223369511,-12.628858191463406,1.4638693480983667e-36
split_increment,-0.02091194366666148,0.007379430493125863,-2.833815385366325,0.004599589575867308
zipf_freq,-0.09852007120158654,0.007733794909264798,-12.738904038373603,3.5940812049965204e-37
r_q,0.07940628061899874,0.006255779010947809,12.693268173321862,6.44396303845434e-37
