,coef,se,z,p
const,-0.9921798389304689,0.10462436753371489,-9.48325769912771,2.464658592633404e-21
repair_score,0.08876826449881228,0.0678858094652517,1.3076114905022906,0.1910051175515326
split_increment,-0.12151903004824552,0.0630839745225911,-1.926305864015086,0.05406619365856001
zipf_freq,-0.028655937648740564,0.06370778067321996,-0.44980279246780136,0.6528526441497549
r_q,0.00031810030142001827,0.0664192330378386,0.004789279955081664,0.9961787220747209
