,coef,se,z,p
const,-0.6430456054842348,0.1447226262592134,-4.443296961267637,8.859075699090027e-06
repair_score,-0.08811980608906649,0.07944270907718899,-1.1092245860277317,0.2673333088295138
split_increment,-0.18289061740893153,0.08885920831549082,-2.058206694342653,0.039570296277895274
zipf_freq,-0.0885995661150275,0.08201726427514044,-1.0802550767580548,0.28002860835777277
r_q,0.053260924350096245,0.08949292165455686,0.5951411951403676,0.5517490940179429
