,coef,se,z,p
const,-1.216437258033018,0.10294133924023094,-11.81680039341879,3.1962749042045243e-32
repair_score,-0.17398012716261924,0.06159631099594036,-2.8245218642084877,0.004735121753611712
split_increment,0.003546999637813746,0.057246180468092746,0.06196045934961083,0.9505943203373336
zipf_freq,-0.0192262441873347,0.06455123874508666,-0.29784469765575355,0.765821698070152
r_q,-0.03960065745673654,0.0925515761286655,-0.4278766403900413,0.668740934920953
