,coef,se,z,p
const,-0.7361631849217523,0.09415902734576741,-7.818296404214545,5.354299724238035e-15
repair_score,-0.0564849200743292,0.05011192999141508,-1.1271751074845033,0.2596684528327867
split_increment,-0.07886579379261079,0.05523416274297303,-1.4278444693659127,0.15333662996010786
zipf_freq,-0.08365745028722849,0.05586607043984123,-1.4974643755786279,0.13427246845306098
r_q,0.008990360579939571,0.05326500228827956,0.16878551006685702,0.8659653560901713
