,coef,se,z,p
const,-0.8863152897351886,0.10400011470591734,-8.52225300175327,1.564791043379106e-17
repair_score,-0.026497671987761203,0.06397171397283104,-0.4142091925036562,0.6787209102067763
split_increment,0.029659417698352675,0.0732091862473561,0.4051324597181109,0.6853801477852121
zipf_freq,0.01616923374431314,0.06872543728617449,0.23527291178932824,0.8139969183387685
r_q,-0.26344616299204754,0.0723930388171194,-3.6391090538079216,0.0002735829320923563
