,coef,se,z,p
const,-0.5174071469053828,0.05890883441171125,-8.78318425534016,1.589105384436881e-18
repair_score,-0.11231845820027962,0.03885089779404857,-2.8910131960318632,0.003840019959408816
split_increment,-0.02027625242609299,0.03545131166928614,-0.5719464660502159,0.5673582430946881
zipf_freq,-0.1258078128913635,0.03734103759507941,-3.369156857814303,0.00075398507298266
r_q,0.047175719922575195,0.030367549621660127,1.5534911611349234,0.12030583927367743
