,coef,se,z,p
const,-1.4088021384884328,0.06013500896944523,-23.427320667803496,2.251533121261855e-121
repair_score,-0.15739546590473172,0.0359448383221254,-4.378805782744302,1.193314177591452e-05
split_increment,-0.08987997460527503,0.03749217501865212,-2.3972995581227368,0.01651641474740201
zipf_freq,-0.14208382933226135,0.03798598799797287,-3.7404273739001783,0.00018370762378991007
r_q,-0.011928275286648506,0.03419491242383865,-0.3488318712093798,0.727215534787703
