,coef,se,z,p
const,-0.9133975710883575,0.08329077164215017,-10.966371821030448,5.545313973942493e-28
repair_score,-0.09002483868858463,0.048293616241287265,-1.864114673848351,0.062305602300676985
split_increment,0.037631152438649756,0.049227091953545715,0.7644398835129498,0.444605148778484
zipf_freq,-0.007503062094700798,0.046925755063191146,-0.1598921974637814,0.8729659949659683
r_q,-0.012062591270608563,0.04658335476062691,-0.25894638401620834,0.7956766091000856
