,coef,se,z,p
const,-0.25961396835268186,0.14018104549013977,-1.8519905272852522,0.06402718317542001
repair_score,0.010648519627850957,0.08236955810265466,0.12927736742960347,0.8971381793154992
split_increment,-0.15911690096130585,0.0821931576454751,-1.9358898662541595,0.05288119115782847
zipf_freq,-0.07496159487747876,0.09262092735359917,-0.8093375549058981,0.4183210101123911
r_q,-0.11683761504803694,0.08828319753649348,-1.323441133854944,0.1856887202230234
