,coef,se,z,p
const,-1.5456280659865305,0.030640298004036077,-50.44428960132612,0.0
repair_score,-0.15465700175322808,0.01748004082307823,-8.847633899632566,8.939434676269614e-19
split_increment,-0.030006016910954246,0.01588413981897834,-1.8890551992688402,0.05888443265842175
zipf_freq,-0.08039041877825842,0.016676519551282225,-4.820575332343694,1.4314478829857723e-06
r_q,0.09480216705546604,0.027816138575928906,3.4081713677362986,0.0006539980873383447
