,coef,se,z,p
const,-0.5853991045490438,0.09273996470867246,-6.312263611356549,2.7498330058488357e-10
repair_score,-0.05749769756283043,0.05204334398032283,-1.1048040568755506,0.2692445022675666
split_increment,-0.019626977678138226,0.05304517867689333,-0.37000493103603793,0.711378816303881
zipf_freq,0.03988933758611457,0.06160203770548172,0.6475327614457301,0.5172871983039327
r_q,-0.08100156632463686,0.05040767604260701,-1.6069291957869754,0.10806990099514718
