,coef,se,z,p
const,-0.5830467961188004,0.0786765535326859,-7.410680437045016,1.2565303196043678e-13
repair_score,-0.06022958601046543,0.0489146330047194,-1.2313204109014646,0.21820305092684245
split_increment,-0.058476263047761746,0.04669096378129872,-1.2524107088828915,0.21042024614320054
zipf_freq,-0.15067100727104338,0.04805688659328617,-3.1352636001203833,0.0017169975172666137
r_q,-0.056570319290290424,0.033122672218347644,-1.70790324275088,0.08765429740298866
