,coef,se,z,p
const,-1.4770892375950315,0.10989451630524817,-13.440973100897947,3.4783223453020896e-41
repair_score,-0.14744631086235896,0.06477846288709951,-2.276162543704361,0.022836282837429285
split_increment,-0.01949392199187747,0.06595738024877196,-0.29555330909675454,0.7675712352599551
zipf_freq,-0.13960514800598944,0.06160048254398438,-2.2662995846876304,0.02343304684307128
r_q,-0.011339802175597671,0.06008259957658996,-0.18873687649187554,0.8502990477149168
