,coef,se,z,p
const,-1.117867949251859,0.10532640855057622,-10.61336814418271,2.582676794364714e-26
repair_score,-0.13457109126734473,0.06430422872734688,-2.092725376396828,0.0363736766122841
split_increment,-0.029116665294532152,0.06000856045556582,-0.4852085281414474,0.627528433207166
zipf_freq,-0.09538812293555365,0.0699316882596318,-1.3640185917063958,0.17256171437135392
r_q,0.1475048665659777,0.06455246645889676,2.285038429320128,0.02231057451163103
