,coef,se,z,p
const,-1.3711311014694552,0.05901309843222893,-23.234351998041113,2.0478747331961272e-119
repair_score,-0.07407916515491805,0.037838469537484334,-1.9577738227898516,0.05025655837002221
split_increment,-0.056506533163255324,0.033884799463507156,-1.6676071293888297,0.09539374205603826
zipf_freq,-0.07740050582020676,0.034528485660695274,-2.241642062753823,0.024984515148876993
r_q,-0.03188302275563594,0.044474551600228784,-0.7168823879827926,0.47344666999143403
