,coef,se,z,p
const,-0.9607305392995171,0.06552686998467463,-14.66162720002057,1.1351948291462088e-48
repair_score,-0.03972326048185992,0.035651954680790895,-1.1141958649258192,0.26519516900932916
split_increment,-0.00762997394084824,0.037548191911256815,-0.20320482964615938,0.8389749380762599
zipf_freq,-0.050066884425074835,0.0395581106407994,-1.2656540874689022,0.2056369526150108
r_q,0.07214036925520924,0.03867190557073983,1.8654464575904561,0.06211885058080846
