,coef,se,z,p
const,-1.390153823453932,0.02803545383026659,-49.585565187218265,0.0
repair_score,-0.18886040219864053,0.016007885500374148,-11.79796058600159,3.9988559195810514e-32
split_increment,0.021136264648598434,0.01623155368823971,1.3021713789427531,0.19285780684121856
zipf_freq,-0.14731352652048416,0.015807349809267304,-9.319305784839361,1.1710397791030603e-20
r_q,0.04185075445346941,0.013639163379335476,3.068425334421682,0.0021519009583544873
