,coef,se,z,p
const,-1.1164373039262745,0.06508776840334463,-17.152797389023785,5.989835501029988e-66
repair_score,-0.044308260856031276,0.04118200791874031,-1.0759130769791418,0.28196613291518735
split_increment,-0.022130732438514475,0.04038375431686831,-0.5480107734626956,0.5836845053528757
zipf_freq,-0.007122628572951768,0.03971047632970566,-0.17936396717617922,0.8576519225638004
r_q,0.051930576775849197,0.03736667397932149,1.3897564660046353,0.1646028417957326
