,coef,se,z,p
const,-0.7978497990136325,0.09250441907369403,-8.624991184237611,6.4097591930916735e-18
repair_score,-0.05236287305953641,0.04924634802396511,-1.0632843888049257,0.2876530025512056
split_increment,-0.0692840314377007,0.0582630394421937,-1.189159235443623,0.23437701231419816
zipf_freq,-0.061593344499208044,0.0631648293090128,-0.9751208888396297,0.3295002981029378
r_q,-0.05036767409851766,0.042522268960343425,-1.184501093897198,0.23621476352415582
