,coef,se,z,p
const,-0.7708163379491371,0.09906192511887228,-7.781156453644256,7.186455334979159e-15
repair_score,-0.2240530443610094,0.06360164916865609,-3.522755263261732,0.0004270855427003321
split_increment,0.011554987733051098,0.0622872774540141,0.18551120237326152,0.8528280945414863
zipf_freq,0.05191802598619026,0.06445443778804483,0.8054996330418718,0.4205314180367331
r_q,0.018893994333794063,0.07726765423927161,0.24452656832684214,0.8068230278290038
