,coef,se,z,p
const,-1.8740065582512884,0.06893802339802213,-27.183932260887172,1.0059499943727793e-162
repair_score,-0.08463243658698742,0.03799748940430321,-2.227316538902773,0.025926125949560223
split_increment,-0.039654855762013094,0.039990760733563065,-0.9916004355659067,0.3213924767291072
zipf_freq,0.019782419575614787,0.04156960339213587,0.47588665662750157,0.6341551288369252
r_q,0.1420492553744971,0.03933743972357907,3.6110447546323674,0.00030496602513354823
