,coef,se,z,p
const,-0.9460321322908098,0.09868137312528767,-9.586734581507192,9.091690526501859e-22
repair_score,0.025134536393393407,0.0569408741389262,0.44141465640427907,0.6589128336136917
split_increment,-0.05923578938216537,0.06135874693855698,-0.9654008977967317,0.3343440519729777
zipf_freq,-0.06625753920233603,0.06128443710070319,-1.0811478792480542,0.2796313383414947
r_q,0.019426103962908732,0.0601776768577547,0.3228124609866095,0.7468372753337227
