,coef,se,z,p
const,-1.4864796586908262,0.10384969583723122,-14.313760350542186,1.7953702261133766e-46
repair_score,-0.09042044294919246,0.0650824343472367,-1.389321771013803,0.16473492654921762
split_increment,-0.038023196905968296,0.06857266588898991,-0.5544949494529325,0.5792401611820523
zipf_freq,-0.015370168727565994,0.06362462160851379,-0.2415757978434762,0.8091088772297087
r_q,0.07613138234028717,0.05838964807094981,1.3038506799660654,0.1922844990177599
