,coef,se,z,p
const,-1.569697597678933,0.08872042526598911,-17.69262932377619,4.7792391572912206e-70
repair_score,-0.0693272814532599,0.0524778314469287,-1.3210774824674532,0.18647553029135155
split_increment,0.03466957223106917,0.04819596590546246,0.7193459365266041,0.47192779889698844
zipf_freq,-0.03412611678966835,0.046376735619141934,-0.7358455987484993,0.4618246674717227
r_q,0.13312982705153456,0.05641481158385688,2.359838193444037,0.018282907584932385
