,coef,se,z,p
const,-2.6427010975186227,0.12977954478305292,-20.363001749900697,3.560853144523566e-92
repair_score,-0.04635998076896902,0.07909923777660345,-0.5860989571088094,0.5578090170889893
split_increment,0.05510889446188192,0.08264504077219686,0.666814293355899,0.5048907616324516
zipf_freq,-0.005334765172060771,0.08383078079016781,-0.06363730746363828,0.9492590248723225
r_q,0.04632743840144151,0.07986699566110907,0.5800573568338252,0.5618759392924977
