,coef,se,z,p
const,-0.3266594904282345,0.08569476957157222,-3.8118953124135384,0.00013790528579824335
repair_score,-0.1105019196221613,0.047137426769963756,-2.3442501467342245,0.019065379715179694
split_increment,-0.038688099056990846,0.050961270594138096,-0.7591666888588333,0.44775284999167986
zipf_freq,-0.12581790240972193,0.05339591294299949,-2.3563208394626276,0.01845696857778016
r_q,0.026426839793053918,0.039172101668645196,0.6746342082075965,0.49990819372939266
