,coef,se,z,p
const,-2.663183600788853,0.12267540048398765,-21.709190190387584,1.6799139542916992e-104
repair_score,-0.04549361122177174,0.0806515797032981,-0.5640758852974006,0.5727024887527548
split_increment,-0.09862555624010064,0.07896860307172728,-1.2489211205942055,0.21169392580013646
zipf_freq,-0.09581214895383683,0.06251440885253629,-1.532641045680297,0.12536432233581823
r_q,-0.12935905733455144,0.09591370244900106,-1.3487025735799725,0.17743251857043807
