,coef,se,z,p
const,-1.488034651562862,0.08683142705975783,-17.137051663780547,7.85331287757818e-66
repair_score,-0.2444886354511442,0.05428044286746052,-4.504175399749874,6.663115767434351e-06
split_increment,0.14185417356352106,0.052783593995409925,2.6874671242707864,0.007199618916307292
zipf_freq,0.04189407373702992,0.05042559638102383,0.8308096828537561,0.40608115174616444
r_q,-0.22637751548393434,0.08706214183812813,-2.6001831646277536,0.009317401393087303
