,coef,se,z,p
const,-2.1798809636615757,0.10044423048844381,-21.702400954849992,1.9472532769105484e-104
repair_score,-0.2569543042406676,0.05527080449371652,-4.649006045676059,3.3353843750314025e-06
split_increment,-0.007357346727413907,0.06165764327158217,-0.11932578569387012,0.9050172554145831
zipf_freq,0.006843871869696659,0.058890946979471635,0.11621263064562902,0.9074840267720347
r_q,-0.16845580276649066,0.08152622609502153,-2.066277452486882,0.03880228916564582
