,coef,se,z,p
const,-0.9711706585937502,0.07552429827542156,-12.859049084469355,7.651211170923087e-38
repair_score,-0.1426796469232969,0.04712344433410287,-3.0277847669984674,0.002463534811477549
split_increment,-0.09057781509630118,0.04595386976683352,-1.9710595768296817,0.048717061701234396
zipf_freq,-0.22533303065659754,0.04231264583828322,-5.325429932172262,1.0071453471493604e-07
r_q,-0.0693935380551348,0.03621548478137552,-1.9161289286626286,0.05534868691286499
