,coef,se,z,p
const,-2.0974777035870455,0.10698663346892931,-19.605044439464372,1.400299131877727e-85
repair_score,-0.18122261311062987,0.0639801164302224,-2.8324833279769623,0.004618797472233014
split_increment,0.03783445377533423,0.06630926291159023,0.5705756950696119,0.5682872977817108
zipf_freq,-0.19876139319141217,0.0726026803101152,-2.737659165507698,0.006187816893598369
r_q,0.06368082495798376,0.05947324800277741,1.0707473880526897,0.28428302900988667
