,coef,se,z,p
const,-0.8180950053019287,0.13472632134620413,-6.072273013375632,1.2611228712738507e-09
repair_score,-0.10954200238442946,0.08427985399511746,-1.2997412452894792,0.19368966894871542
split_increment,-0.10057204864484996,0.0875954620510836,-1.1481422243791435,0.2509098555419942
zipf_freq,-0.09690164349357572,0.08530720915729638,-1.1359138864207898,0.25599260600538953
r_q,0.02703286983221575,0.07318501501353505,0.3693771167118871,0.7118466520980465
