,coef,se,z,p
const,-1.8044379353210132,0.03153931098501763,-57.21234481559187,0.0
repair_score,-0.14573498916774452,0.016474546106514477,-8.846070066240975,9.065535073485186e-19
split_increment,-0.0010734907344254613,0.017553086557409323,-0.06115680743181493,0.9512343279846687
zipf_freq,-0.15317530765635842,0.01811812298933952,-8.45425918272466,2.808648187430766e-17
r_q,0.04818393177855286,0.01424440217309861,3.3826573550100294,0.0007178813857699106
