,coef,se,z,p
const,-1.4657192568083397,0.08603162191283964,-17.036982730527725,4.366871966214682e-65
repair_score,-0.21022443747657835,0.05261162568789235,-3.995779159604221,6.448182322083575e-05
split_increment,0.07047638778386822,0.0513565016528133,1.3722972849730222,0.16997091049926183
zipf_freq,-0.05348169016783825,0.04460543060038107,-1.198995042710816,0.2305298731944383
r_q,-0.0003369227768310779,0.047010790022225135,-0.007166924373570239,0.9942816706474071
