,coef,se,z,p
const,-2.022625526166931,0.10075282853272804,-20.075124000215155,1.2177836888335134e-89
repair_score,-0.19257462766799938,0.058612520220551696,-3.285554467601201,0.0010178186166277447
split_increment,0.035651564635197586,0.06436870585170566,0.5538648659075516,0.5796713315827275
zipf_freq,0.024420283285251657,0.06705168466169342,0.36420089082717627,0.7157080018211311
r_q,-0.011535267532832329,0.054101256705120386,-0.21321625846337464,0.8311582874119985
