,coef,se,z,p
const,-1.675925915529078,0.09140625890165228,-18.33491421339402,4.3570316160671963e-75
repair_score,-0.17045288756624863,0.05560098856038711,-3.0656449099124057,0.002172010974993434
split_increment,0.0003139981695842349,0.057603760503763896,0.005451001233916281,0.9956507518130538
zipf_freq,-0.14137038481379893,0.05589526393558198,-2.529201489713423,0.01143223759387333
r_q,-0.09741241468486467,0.07307139898932077,-1.333112764121312,0.18249480123701856
