,coef,se,z,p
const,-0.6202084161056732,0.08525670878775779,-7.274599558489295,3.474495538917609e-13
repair_score,-0.0728884168787766,0.05382934500941529,-1.3540647181574974,0.17571573115803962
split_increment,-0.06959096444327556,0.05285728879745278,-1.3165821786650016,0.1879787156985473
zipf_freq,-0.009803265214298276,0.05476365002499861,-0.17901044232484983,0.8579295023469745
r_q,0.056130167853919895,0.03797613705049432,1.4780378472746551,0.13939764827997372
