,coef,se,z,p
const,-1.62882323437913,0.06433130939052796,-25.319292422469413,1.958740877346576e-141
repair_score,-0.11780200058102037,0.038258038205717375,-3.0791437853553023,0.0020759646266456317
split_increment,-0.003657272642480076,0.040661932640626834,-0.08994340418600666,0.9283321893546574
zipf_freq,-0.10627303317642886,0.03800889754819515,-2.7960040946116638,0.005173874492482483
r_q,0.016873693033680116,0.03671829696788744,0.4595445439214479,0.6458431722671644
