,coef,se,z,p
const,-1.8710174337359593,0.06962618146194349,-26.87232581839385,4.626561637984383e-159
repair_score,-0.029007800576452088,0.03906560061893469,-0.7425407549575037,0.45775976872197155
split_increment,-0.023523452630804242,0.04098057275486365,-0.5740147355068979,0.5659578298195882
zipf_freq,-0.08407661045321936,0.042139241045348934,-1.9952094144917973,0.046020044674490015
r_q,-0.04675720405874988,0.04512171069243746,-1.0362462624136841,0.300087269103538
