,coef,se,z,p
const,-1.8245934163340276,0.09617217992163762,-18.972154086771567,2.89785041927737e-80
repair_score,-0.2769531732980319,0.06105282840824607,-4.536287351768707,5.725316049740609e-06
split_increment,-0.0194111538544983,0.059711821898429655,-0.325080582661116,0.7451200843379588
zipf_freq,-0.2742969453359162,0.05735705677669895,-4.782270234049878,1.733264516512874e-06
r_q,0.08317262028603295,0.05877270034338101,1.4151573740885612,0.15702235925219274
