,coef,se,z,p
const,-1.738022177893615,0.09422573934497318,-18.445301570205576,5.688082071397356e-76
repair_score,-0.11460036230208172,0.052598517645311586,-2.1787755136916243,0.02934834883395995
split_increment,-0.02329856657734355,0.05207906463842252,-0.44736914418686585,0.6546085506472927
zipf_freq,-0.07954811262447656,0.0503576436861118,-1.5796631216566481,0.1141840353843235
r_q,0.02320599398445795,0.05195747021134564,0.4466344086820185,0.6551390474400758
