,coef,se,z,p
const,-1.486422442568419,0.08688662294808468,-17.107609803830975,1.3023516631793144e-65
repair_score,-0.24495198224542383,0.054944278361600485,-4.4581890881037785,8.265497512953477e-06
split_increment,0.02315713238750041,0.05780311766846706,0.4006208198028246,0.6886993147873034
zipf_freq,-0.05595738749813299,0.05458817099321453,-1.0250826594847564,0.30532418681939755
r_q,0.008785188894219321,0.0390303274478652,0.22508622060509603,0.8219122003198126
