,coef,se,z,p
const,-0.7189667617236981,0.030473573402367716,-23.593122875042816,4.53446820135917e-123
repair_score,-0.08839785805615925,0.015071549860109636,-5.865213523270407,4.485550890006691e-09
split_increment,-0.03793591785584132,0.01655647590767956,-2.291303902314448,0.02194584307382234
zipf_freq,-0.09817219118934797,0.01758805955547844,-5.581752260940501,2.381073813856292e-08
r_q,0.029610858054134673,0.015256791328626425,1.9408312938367067,0.0522787438918436
