,coef,se,z,p
const,-1.5425682214470477,0.11530261359225603,-13.37843239965074,8.083424988765926e-41
repair_score,-0.14160058074043877,0.06454970259097954,-2.193667438527078,0.02825932632979581
split_increment,-0.04916990602594909,0.06714032307449483,-0.7323453890949131,0.4639577821088582
zipf_freq,-0.10545912317961015,0.0806364590429423,-1.3078342530324742,0.19092953349177788
r_q,0.04994964772570792,0.06936407171477293,0.7201083571204169,0.47145828240884846
