,coef,se,z,p
const,-0.4070672620379775,0.12849589873803507,-3.167939724425498,0.0015352334666610813
repair_score,-0.008437395186927994,0.08730951758477346,-0.0966377483272162,0.9230140779436027
split_increment,-0.2759117953863852,0.08064125976162317,-3.4214717900239258,0.0006228318590066333
zipf_freq,-0.13267439646050963,0.08444608109777106,-1.5711137181949293,0.11615623669098324
r_q,0.014423360392005275,0.07045926415673408,0.20470495348803294,0.8378026500413414
