,coef,se,z,p
const,-1.3329860342418025,0.10896384949052976,-12.233286915562346,2.0641381109443658e-34
repair_score,-0.0913760938662614,0.06942894973837119,-1.3161094069634287,0.1881373240781301
split_increment,-0.1507831982849334,0.07807603061603385,-1.9312354521000488,0.053453941643716044
zipf_freq,-0.10885807349696604,0.06786842811118061,-1.6039574884309544,0.10872342351928764
r_q,0.11278384308740391,0.06374193401802301,1.7693821943889294,0.07683011500635915
