,coef,se,z,p
const,-1.1374789066143036,0.0563328995703304,-20.192088731278353,1.1490260486243983e-90
repair_score,-0.10802820495677283,0.03558799497989198,-3.0355237775494577,0.0024011828957467493
split_increment,-0.07570604185691264,0.035508351769124605,-2.132062967866082,0.03300167044665848
zipf_freq,-0.15042751412421418,0.032966045211977116,-4.563104647734978,5.04026755664323e-06
r_q,-0.06373140044096168,0.03136829721058925,-2.0317137399299874,0.04218264412838592
