,coef,se,z,p
const,-1.0902591423100494,0.09819962108183367,-11.102478098174053,1.220131525225619e-28
repair_score,-0.17480128681108578,0.04972156253917283,-3.5156032490605993,0.00043875611978375485
split_increment,-0.039559170475202514,0.06223734292666571,-0.6356179202864606,0.5250254864029392
zipf_freq,-0.1087308833656323,0.062041589681398494,-1.7525483135425257,0.07967956990990623
r_q,-0.0066748454151466605,0.05845981184024978,-0.11417835954359003,0.9090964062911798
