,coef,se,z,p
const,-2.3708638508245308,0.11869197338350176,-19.97492992356029,9.101146988937167e-89
repair_score,-0.11490135964181364,0.06775369538611657,-1.6958685277166168,0.08991078106836686
split_increment,-0.11740202686712023,0.055843867771624034,-2.1023262096966673,0.03552471017493904
zipf_freq,-0.11575376028288051,0.064908088189446,-1.7833487861332813,0.07452954444438133
r_q,0.007493233439433374,0.0804568368315853,0.09313358235942631,0.9257974385052504
