,coef,se,z,p
const,-1.4347974633910456,0.08522339745809313,-16.83572242114119,1.3354847666629194e-63
repair_score,-0.2955660288142225,0.05466648389463352,-5.406713725797856,6.419161839304916e-08
split_increment,0.013964940351617036,0.046679699287654836,0.29916517382772173,0.7648140203557661
zipf_freq,-0.09858839814670647,0.0406127501116641,-2.4275233239718874,0.015202309307111441
r_q,0.1709025491014355,0.05799426770660627,2.94688692279095,0.0032099055941838444
