,coef,se,z,p
const,-0.7934769850691101,0.09093250536902496,-8.72599937556981,2.638401402115571e-18
repair_score,-0.041412213780145084,0.04564540724635685,-0.9072591587722194,0.36426976618514595
split_increment,-0.04919254120304685,0.05075993696612654,-0.9691214005225094,0.3324846213106154
zipf_freq,-0.10339134510779088,0.04887710040711715,-2.115333034214438,0.03440157286192814
r_q,-0.0038803384478078135,0.05429023858740354,-0.07147396196391247,0.9430205468893121
