layer,rel_depth,n,median,median_lo,median_hi,mean,ci_lo,ci_hi
0,0.0,2,1.0000000494346972,1.0000000002561462,1.0000000986132485,1.0000000494346972,1.0000000002561462,1.0000000986132485
3,0.08823529411764706,2,1.0000000494346972,1.0000000002561462,1.0000000986132485,1.0000000494346972,1.0000000002561462,1.0000000986132485
6,0.17647058823529413,2,1.0000000494346972,1.0000000002561462,1.0000000986132485,1.0000000494346972,1.0000000002561462,1.0000000986132485
9,0.2647058823529412,2,1.0000000494346972,1.0000000002561462,1.0000000986132485,1.0000000494346972,1.0000000002561462,1.0000000986132485
