layer,rel_depth,n,median,median_lo,median_hi,mean,ci_lo,ci_hi
0,0.0,124,0.27840888107382655,0.09413766180016214,0.46239784411807683,-0.7467346751034658,-1.3430829544792366,-0.23644670877535442
1,0.029411764705882353,124,0.3083329720177927,0.1677017907221121,0.5512020714586088,-0.32728729923209027,-0.7185432030761841,0.010081759940592367
2,0.058823529411764705,124,0.47258890673178877,0.24413485958640396,0.6057449040844387,0.04402477896835729,-0.26473721994977595,0.27408675654762077
3,0.08823529411764706,124,0.4909964777847806,0.3227987072752252,0.6057408203302193,0.11024827333669711,-0.14187395800442684,0.32776533388194934
4,0.11764705882352941,124,0.411314175943836,0.30799099288733106,0.5579212211620608,0.12994481077617193,-0.27131086171570656,0.3781211334593918
5,0.14705882352941177,124,0.45749807049936364,0.3014727021458884,0.5826462552597056,0.06594056779122708,-0.33633685166137106,0.321982507171622
6,0.17647058823529413,124,0.4847703261327317,0.40262817770141746,0.5810048413978538,0.16196500246924972,-0.09227768402106964,0.3529994347067286
7,0.20588235294117646,124,0.4364029630755531,0.3198604282403419,0.554393171803915,0.17196174214375318,-0.07684687404648763,0.3449968949156668
