{
  "gsm8k": {
    "gemma-3-4b-it": {
      "n_te_flipped": 162,
      "overall_restore": 0.9197530864197531,
      "overall_ci95": [
        0.8765432098765432,
        0.9567901234567902
      ],
      "primary_leak": {
        "leak": {
          "n": 162,
          "restore": 0.9197530864197531,
          "ci95": [
            0.8765432098765432,
            0.9567901234567902
          ]
        },
        "no_leak": {
          "n": 0,
          "restore": null,
          "ci95": [
            null,
            null
          ]
        }
      },
      "gsm8k_detail": {
        "lastline": {
          "n": 162,
          "restore": 0.9197530864197531,
          "ci95": [
            0.8765432098765432,
            0.9567901234567902
          ]
        },
        "earlier_only": {
          "n": 0,
          "restore": null,
          "ci95": [
            null,
            null
          ]
        },
        "absent": {
          "n": 0,
          "restore": null,
          "ci95": [
            null,
            null
          ]
        }
      }
    },
    "Llama-3.2-3B-Instruct": {
      "n_te_flipped": 331,
      "overall_restore": 0.9577039274924471,
      "overall_ci95": [
        0.9335347432024169,
        0.9788519637462235
      ],
      "primary_leak": {
        "leak": {
          "n": 329,
          "restore": 0.9635258358662614,
          "ci95": [
            0.9422492401215805,
            0.9817629179331308
          ]
        },
        "no_leak": {
          "n": 2,
          "restore": 0.0,
          "ci95": [
            0.0,
            0.0
          ]
        }
      },
      "gsm8k_detail": {
        "lastline": {
          "n": 329,
          "restore": 0.9635258358662614,
          "ci95": [
            0.9422492401215805,
            0.9817629179331308
          ]
        },
        "earlier_only": {
          "n": 0,
          "restore": null,
          "ci95": [
            null,
            null
          ]
        },
        "absent": {
          "n": 2,
          "restore": 0.0,
          "ci95": [
            0.0,
            0.0
          ]
        }
      }
    },
    "Mistral-7B-Instruct-v0.3": {
      "n_te_flipped": 270,
      "overall_restore": 0.9444444444444444,
      "overall_ci95": [
        0.9148148148148149,
        0.9703703703703703
      ],
      "primary_leak": {
        "leak": {
          "n": 266,
          "restore": 0.9473684210526315,
          "ci95": [
            0.9172932330827067,
            0.9736842105263158
          ]
        },
        "no_leak": {
          "n": 4,
          "restore": 0.75,
          "ci95": [
            0.25,
            1.0
          ]
        }
      },
      "gsm8k_detail": {
        "lastline": {
          "n": 264,
          "restore": 0.946969696969697,
          "ci95": [
            0.9166666666666666,
            0.9696969696969697
          ]
        },
        "earlier_only": {
          "n": 2,
          "restore": 1.0,
          "ci95": [
            1.0,
            1.0
          ]
        },
        "absent": {
          "n": 4,
          "restore": 0.75,
          "ci95": [
            0.25,
            1.0
          ]
        }
      }
    },
    "_pooled": {
      "n_te_flipped": 763,
      "overall_restore": 0.944954128440367,
      "overall_ci95": [
        0.927916120576671,
        0.9606815203145478
      ],
      "primary_leak": {
        "leak": {
          "n": 757,
          "restore": 0.9484808454425363,
          "ci95": [
            0.9326287978863936,
            0.964332892998679
          ]
        },
        "no_leak": {
          "n": 6,
          "restore": 0.5,
          "ci95": [
            0.16666666666666666,
            0.8333333333333334
          ]
        }
      },
      "gsm8k_detail": {
        "lastline": {
          "n": 755,
          "restore": 0.9483443708609272,
          "ci95": [
            0.9324503311258279,
            0.9642384105960264
          ]
        },
        "earlier_only": {
          "n": 2,
          "restore": 1.0,
          "ci95": [
            1.0,
            1.0
          ]
        },
        "absent": {
          "n": 6,
          "restore": 0.5,
          "ci95": [
            0.16666666666666666,
            0.8333333333333334
          ]
        }
      }
    }
  },
  "mmlu": {
    "gemma-3-4b-it": {
      "n_te_flipped": 508,
      "overall_restore": 0.7893700787401575,
      "overall_ci95": [
        0.7539370078740157,
        0.8267716535433071
      ],
      "primary_leak": {
        "leak": {
          "n": 329,
          "restore": 0.8328267477203647,
          "ci95": [
            0.790273556231003,
            0.8723404255319149
          ]
        },
        "no_leak": {
          "n": 179,
          "restore": 0.7094972067039106,
          "ci95": [
            0.6424581005586593,
            0.776536312849162
          ]
        }
      },
      "mmlu_detail": {
        "no_letter_marker": {
          "n": 361,
          "restore": 0.7506925207756233,
          "ci95": [
            0.7063711911357341,
            0.7950138504155124
          ]
        },
        "no_letter_anywhere": {
          "n": 353,
          "restore": 0.7478753541076487,
          "ci95": [
            0.6997167138810199,
            0.7903682719546742
          ]
        },
        "no_option_text": {
          "n": 277,
          "restore": 0.7617328519855595,
          "ci95": [
            0.7111913357400722,
            0.8086642599277978
          ]
        },
        "no_any_generous": {
          "n": 177,
          "restore": 0.7062146892655368,
          "ci95": [
            0.6384180790960452,
            0.7740112994350282
          ]
        },
        "leak_rate_letter_marker": 0.28937007874015747,
        "leak_rate_letter_anywhere": 0.3051181102362205,
        "leak_rate_option_text": 0.4547244094488189
      }
    },
    "Llama-3.2-3B-Instruct": {
      "n_te_flipped": 663,
      "overall_restore": 0.8235294117647058,
      "overall_ci95": [
        0.7933634992458521,
        0.8521870286576169
      ],
      "primary_leak": {
        "leak": {
          "n": 356,
          "restore": 0.8455056179775281,
          "ci95": [
            0.8061797752808989,
            0.8820224719101124
          ]
        },
        "no_leak": {
          "n": 307,
          "restore": 0.7980456026058632,
          "ci95": [
            0.752442996742671,
            0.8436482084690554
          ]
        }
      },
      "mmlu_detail": {
        "no_letter_marker": {
          "n": 604,
          "restore": 0.8096026490066225,
          "ci95": [
            0.7781456953642384,
            0.8410596026490066
          ]
        },
        "no_letter_anywhere": {
          "n": 598,
          "restore": 0.8076923076923077,
          "ci95": [
            0.7759197324414716,
            0.8394648829431438
          ]
        },
        "no_option_text": {
          "n": 338,
          "restore": 0.8106508875739645,
          "ci95": [
            0.7692307692307693,
            0.8550295857988166
          ]
        },
        "no_any_generous": {
          "n": 305,
          "restore": 0.7967213114754098,
          "ci95": [
            0.7508196721311475,
            0.8426229508196721
          ]
        },
        "leak_rate_letter_marker": 0.0889894419306184,
        "leak_rate_letter_anywhere": 0.09803921568627451,
        "leak_rate_option_text": 0.49019607843137253
      }
    },
    "Mistral-7B-Instruct-v0.3": {
      "n_te_flipped": 543,
      "overall_restore": 0.8121546961325967,
      "overall_ci95": [
        0.7771639042357275,
        0.8434622467771639
      ],
      "primary_leak": {
        "leak": {
          "n": 240,
          "restore": 0.85,
          "ci95": [
            0.8041666666666667,
            0.8916666666666667
          ]
        },
        "no_leak": {
          "n": 303,
          "restore": 0.7821782178217822,