{
  "parts": {
    "i_leak_stratification": {
      "gsm8k_pooled": {
        "n": 763,
        "overall_restore": 0.944954128440367,
        "leak": {
          "n": 757,
          "restore": 0.9484808454425363,
          "ci95": [
            0.9326287978863936,
            0.964332892998679
          ]
        },
        "no_leak": {
          "n": 6,
          "restore": 0.5,
          "ci95": [
            0.16666666666666666,
            0.8333333333333334
          ]
        }
      },
      "mmlu_pooled": {
        "n": 1714,
        "overall_restore": 0.809801633605601,
        "leak": {
          "n": 925,
          "restore": 0.8421621621621621,
          "ci95": [
            0.8183783783783783,
            0.865945945945946
          ]
        },
        "no_leak": {
          "n": 789,
          "restore": 0.7718631178707225,
          "ci95": [
            0.7414448669201521,
            0.8010139416983524
          ]
        },
        "no_any_generous": {
          "n": 781,
          "restore": 0.7720870678617158,
          "ci95": [
            0.7426376440460948,
            0.8015364916773368
          ]
        }
      }
    },
    "ii_conclusion_strip": {
      "gsm8k": {
        "n": 333,
        "restore_unstripped": 0.9519519519519519,
        "restore_stripped": 0.4894894894894895,
        "n_leaked_lastline": 329,
        "restore_unstripped_leaked": 0.9604863221884499,
        "restore_stripped_leaked": 0.48936170212765956
      },
      "mmlu": {
        "n": 450,
        "restore_unstripped": 0.8222222222222222,
        "restore_stripped": 0.2911111111111111,
        "n_leaked_lastline": 243,
        "restore_unstripped_leaked": 0.8436213991769548,
        "restore_stripped_leaked": 0.3497942386831276
      }
    },
    "ii_strip_attempt": {
      "gsm8k": {
        "n_leaked": 329,
        "stripped_attempt_rate": 0.9118541033434651,
        "n_stripped_fail": 168,
        "fail_emitted_answer_rate": 0.8273809523809523
      },
      "mmlu": {
        "n_leaked": 243,
        "stripped_attempt_rate": 0.9876543209876543,
        "n_stripped_fail": 158,
        "fail_emitted_answer_rate": 0.9810126582278481
      }
    },
    "iii_recovery_curve": {
      "gsm8k": {
        "n": 333,
        "recovery_rates": {
          "0": 0.15615615615615616,
          "25": 0.5015015015015015,
          "50": 0.7147147147147147,
          "75": 0.8318318318318318,
          "100": 0.9519519519519519
        }
      },
      "mmlu": {
        "n": 450,
        "recovery_rates": {
          "0": 0.15555555555555556,
          "25": 0.4688888888888889,
          "50": 0.5355555555555556,
          "75": 0.6577777777777778,
          "100": 0.8266666666666667
        }
      }
    }
  }
}