{
  "parts": {
    "i_leak_stratification": {
      "gsm8k_pooled": {
        "n": 763,
        "overall_restore": 0.944954128440367,
        "leak": {
          "n": 757,
          "restore": 0.9484808454425363,
          "ci95": [
            0.9326287978863936,
            0.964332892998679
          ]
        },
        "no_leak": {
          "n": 6,
          "restore": 0.5,
          "ci95": [
            0.16666666666666666,
            0.8333333333333334
          ]
        }
      },
      "mmlu_pooled": {
        "n": 1714,
        "overall_restore": 0.809801633605601,
        "leak": {
          "n": 925,
          "restore": 0.8421621621621621,
          "ci95": [
            0.8183783783783783,
            0.865945945945946
          ]
        },
        "no_leak": {
          "n": 789,
          "restore": 0.7718631178707225,
          "ci95": [
            0.7414448669201521,
            0.8010139416983524
          ]
        },
        "no_any_generous": {
          "n": 781,
          "restore": 0.7720870678617158,
          "ci95": [
            0.7426376440460948,
            0.8015364916773368
          ]
        }
      }
    },
    "ii_conclusion_strip": {
      "gsm8k": null,
      "mmlu": null
    },
    "iii_recovery_curve": {
      "gsm8k": null,
      "mmlu": null
    }
  }
}