layer,rel_depth,n,median,median_lo,median_hi,mean,ci_lo,ci_hi
0,0.0,136,0.3908646951598977,0.19883120978852986,0.47139889328632867,-1.4797135658837255,-3.358472587168178,-0.1447457820481749
1,0.03571428571428571,136,0.5482695837688909,0.4562648004388897,0.6355270370327808,-1.1724033420718154,-3.4786534295572937,0.26585771419541226
2,0.07142857142857142,136,0.551344168152989,0.463149609907219,0.5972686077613514,-1.0157629357020084,-3.0496626355034286,0.2861096271529761
3,0.10714285714285714,136,0.550623208300222,0.4807397882092559,0.611132332061431,-0.8219054873295067,-2.7535358023988965,0.3427050271407671
4,0.14285714285714285,136,0.5303742078811773,0.46211760338457086,0.5867829646789327,-0.6650674805738532,-2.2298938730753095,0.34718793654915997
5,0.17857142857142858,136,0.5211091528623897,0.4535700507016973,0.5885116205323643,-0.648130063533519,-2.247217892531598,0.3635490508525403
6,0.21428571428571427,136,0.5074431872150809,0.3878597670433994,0.5500927821362037,-0.5292590656830237,-2.002917233606792,0.3751119095654739
7,0.25,136,0.44164602961512994,0.36584447681454113,0.5490398056301949,-0.4779605442851775,-1.769054383456021,0.35376985037059017
