layer,rel_depth,n,median,median_lo,median_hi,mean,ci_lo,ci_hi
0,0.0,6,1.0000000070431554,0.9999996296231636,1.0000000141538496,0.9999998836067229,0.9999996455406279,1.0000000117291348
3,0.09375,6,1.0000000070431554,0.9999996296231636,1.0000000141538496,0.9999998836067229,0.9999996455406279,1.0000000117291348
6,0.1875,6,1.0000000070431554,0.9999996296231636,1.0000000141538496,0.9999998836067229,0.9999996455406279,1.0000000117291348
9,0.28125,6,1.0000000070431554,0.9999996296231636,1.0000000141538496,0.9999998836067229,0.9999996455406279,1.0000000117291348
