layer,rel_depth,n,median,median_lo,median_hi,mean,ci_lo,ci_hi
0,0.0,149,0.009958175874665298,-0.20663344658155247,0.17361789130909844,-2.2564194553171935,-4.892450308141611,-0.7244540400455215
1,0.03125,149,0.28071393611279805,0.12640860984649704,0.4000580881514426,-0.2887219928307102,-0.6381942632007225,0.01205144764934355
2,0.0625,149,0.3098645898533565,0.20798438274809017,0.42701351731453363,-0.13628301618097607,-0.4797027822987861,0.13144524866809634
3,0.09375,149,0.35595108608455206,0.18805819874013874,0.4746468517936432,-0.13352072774757412,-0.4997160431901966,0.15100293213211669
4,0.125,149,0.2660126548738222,0.17146417457785945,0.41406913673949863,-0.05375525739097021,-0.3564205497434497,0.17858119758874524
5,0.15625,149,0.28047867692089157,0.14074909390031265,0.4275360410971738,-0.12172042629526655,-0.47818103231065345,0.156364895217805
6,0.1875,149,0.2575999453662686,0.19008445186427658,0.3540129338434035,-0.1254586924208564,-0.47607548874333294,0.15124269887087452
7,0.21875,149,0.2681866157821672,0.17148809420194422,0.32286007191600374,-0.17835323825375413,-0.6382785181448314,0.14584046781550516
