{
  "ours": "data/exp5/matched_rnd/gemma-3-4b-it_gsm8k_k4_matched_rnd",
  "rebuttal": "/home/sfukuhata/dev/kanolab/archive/2025/JSAI2026/datasets/rebuttal/gemma-3-4b-it_gsm8k_k4_matched_random",
  "ours_mode": "matched_rnd",
  "rebuttal_mode": "matched_random",
  "n_ours": 1319,
  "n_rebuttal": 1319,
  "n_common": 1319,
  "mean_token_index_jaccard": 0.2464565507780064,
  "identical_selection_rate": 0.01819560272934041,
  "ours_stats": {
    "n_targets": 5276,
    "n_matched": 5276,
    "smd": {
      "char_len": -0.015210473680909508,
      "zipf": -0.2545383996527208,
      "split_increment": 0.031779414175929915,
      "centrality": -0.015928896368622623
    },
    "class_match_rate": 0.9998104624715694,
    "exact_len_match_rate": 0.6029188779378317,
    "mean_len_diff": 0.494882486732373,
    "relaxation_rates": {
      "exact": 0.42266868840030325,
      "no_centrality": 0.18498862774829417,
      "caliper": 0.2670583775587566,
      "class_len": 0.12509476876421532,
      "any": 0.00018953752843062926,
      "unmatched": 0.0
    }
  },
  "rebuttal_stats": {
    "n_samples": 1319,
    "n_matches": 5276,
    "class_match_rate": 1.0,
    "exact_len_match_rate": 0.8299848369977255,
    "mean_len_diff": 0.25815011372251706,
    "template_class_dist": {
      "content": 4189,
      "function": 1087
    }
  }
}