layer,rel_depth,n,mean,ci_lo,ci_hi
0,0.0,1,1.0000000002561462,1.0000000002561462,1.0000000002561462
3,0.08823529411764706,1,1.0000000002561462,1.0000000002561462,1.0000000002561462
6,0.17647058823529413,1,1.0000000002561462,1.0000000002561462,1.0000000002561462
9,0.2647058823529412,1,1.0000000002561462,1.0000000002561462,1.0000000002561462
