layer,rel_depth,n,median,median_lo,median_hi,mean,ci_lo,ci_hi
0,0.0,2,0.9999997329092978,0.9999993759839022,1.0000000898346932,0.9999997329092978,0.9999993759839022,1.0000000898346932
3,0.08823529411764706,2,0.9999997329092978,0.9999993759839022,1.0000000898346932,0.9999997329092978,0.9999993759839022,1.0000000898346932
6,0.17647058823529413,2,0.9999997329092978,0.9999993759839022,1.0000000898346932,0.9999997329092978,0.9999993759839022,1.0000000898346932
9,0.2647058823529412,2,0.9999997329092978,0.9999993759839022,1.0000000898346932,0.9999997329092978,0.9999993759839022,1.0000000898346932
