layer,rel_depth,n,median,median_lo,median_hi,mean,ci_lo,ci_hi
0,0.0,145,-0.13909900509459283,-0.38094535808321295,0.18076592147883208,-9.110753710754818,-16.068804116234023,-3.405924284085789
1,0.029411764705882353,145,0.18661510375461365,-0.07174034952058861,0.3660777948619983,-5.655343576773032,-9.852043452002397,-2.345794526301703
2,0.058823529411764705,145,0.41788908460334995,0.2589283513213,0.5434219039710567,-1.6621631642674144,-3.475392968990825,-0.42632204305765786
3,0.08823529411764706,145,0.4471422392209017,0.33205797848163954,0.5675746811752831,-0.7488798745042518,-1.4483571389397287,-0.1870167798534292
4,0.11764705882352941,145,0.5069730623740172,0.32529455537072094,0.583023244699912,-0.3708384125946578,-0.8509107477576342,0.026480089384012584
5,0.14705882352941177,145,0.46555973739682455,0.34326414681151396,0.5336698059776996,-0.3396121016258414,-0.7674673040681744,0.030175307452241628
6,0.17647058823529413,145,0.40886182588144004,0.29458155753918547,0.5316896248099401,-0.11751723120552252,-0.4535522416566917,0.1674915954609074
7,0.20588235294117646,145,0.4236041067101426,0.30420165065525295,0.5515113671158686,-0.12875025266995663,-0.488489312303213,0.17428148043044572
