layer,rel_depth,n,median,median_lo,median_hi,mean,ci_lo,ci_hi
0,0.0,1,1.0000001013406694,1.0000001013406694,1.0000001013406694,1.0000001013406694,1.0000001013406694,1.0000001013406694
3,0.10714285714285714,1,1.0000001013406694,1.0000001013406694,1.0000001013406694,1.0000001013406694,1.0000001013406694,1.0000001013406694
6,0.21428571428571427,1,1.0000001013406694,1.0000001013406694,1.0000001013406694,1.0000001013406694,1.0000001013406694,1.0000001013406694
9,0.32142857142857145,1,1.0000001013406694,1.0000001013406694,1.0000001013406694,1.0000001013406694,1.0000001013406694,1.0000001013406694
