layer,rel_depth,n,median,median_lo,median_hi,mean,ci_lo,ci_hi
0,0.0,141,0.23829068964279987,0.08314721874298325,0.30455827292128335,-0.06560154936240806,-0.2522250996699413,0.10881355058341867
1,0.03571428571428571,141,0.38499471641134464,0.3058536544120134,0.4779865530974927,0.15979281972294493,-0.007024248604708349,0.3025753756998715
2,0.07142857142857142,141,0.40268769303705243,0.3398479099708639,0.5007014225436879,0.1886323826839396,0.0309059040984972,0.32212022515628813
3,0.10714285714285714,141,0.3738191586332624,0.3106745323364626,0.457706091071042,0.2554848126251472,0.13695595292744167,0.35601776380429023
4,0.14285714285714285,141,0.38714115748189204,0.3194950142209625,0.4398358682984953,0.2343901429621967,0.11568023621628683,0.33539156459802405
5,0.17857142857142858,141,0.3990157294594411,0.29785189120827527,0.45644369816018415,0.23936143772261387,0.125195840983189,0.33847608345071306
6,0.21428571428571427,141,0.39513307687109633,0.3041982155661751,0.44361941271731586,0.2545425972565879,0.16547564567556394,0.34287270234287975
7,0.25,141,0.3616410254778887,0.26294527982419147,0.4337973343102248,0.2522286837156879,0.15817210069497975,0.3384938294720293
