{
  "benchmarks": [
    "gsm8k",
    "mmlu"
  ],
  "rd_primary": "rd_content_k4",
  "rows": [
    {
      "model": "gemma-3-1b-it",
      "family": "gemma",
      "benchmark": "gsm8k",
      "loo_n": 300,
      "loo_gini": 0.9336152850677166,
      "loo_top1": 0.7960374371915535,
      "loo_top4": 0.9448208741232618,
      "loo_eff_count": 2.0875279391220545,
      "loo_n_words": 40.21333333333333,
      "content_gini": 0.683507572844996,
      "content_top1": 0.5060812384317162,
      "content_mass_share": 0.03499830700657801,
      "frac_top1_is_content": 0.023333333333333334,
      "attn_gini_mean": 0.7915522804927443,
      "attn_gini_agg": 0.738411316766716,
      "attn_top1_agg": 0.15749683701967157,
      "attn_n": 300,
      "rd_all_k4": 0.803347280334728,
      "rd_content_k4": -0.0044444444444444444,
      "exp2_summary": "/diskthalys/ssd14tc/sfukuhata/dev/kanolab/typo_robust_analysis/.claude/worktrees/exp-02-target-deletion/projects/typo-cot/results/prod/exp2/gemma-3-1b-it_gsm8k_core/summary.json"
    },
    {
      "model": "gemma-3-1b-it",
      "family": "gemma",
      "benchmark": "mmlu",
      "loo_n": 292,
      "loo_gini": 0.7731723788715689,
      "loo_top1": 0.5096115827951402,
      "loo_top4": 0.7440355880673877,
      "loo_eff_count": 6.795113085236545,
      "loo_n_words": 44.92123287671233,
      "content_gini": 0.685663913331047,
      "content_top1": 0.4466912432319254,
      "content_mass_share": 0.5379799679793187,
      "frac_top1_is_content": 0.5616438356164384,
      "attn_gini_mean": 0.7575487694221322,
      "attn_gini_agg": 0.6781723024738109,
      "attn_top1_agg": 0.20585102550143924,
      "attn_n": 292,
      "rd_all_k4": 0.10467706013363029,
      "rd_content_k4": 0.09168443496801706,
      "exp2_summary": "/diskthalys/ssd14tc/sfukuhata/dev/kanolab/typo_robust_analysis/.claude/worktrees/exp-02-target-deletion/projects/typo-cot/results/prod/exp2/gemma-3-1b-it_mmlu_core/summary.json"
    },
    {
      "model": "gemma-3-4b-it",
      "family": "gemma",
      "benchmark": "gsm8k",
      "loo_n": 300,
      "loo_gini": 0.9158093675361357,
      "loo_top1": 0.598234199503728,
      "loo_top4": 0.9484130207047906,
      "loo_eff_count": 2.6033735525041757,
      "loo_n_words": 34.42666666666667,
      "content_gini": 0.6718751593473264,
      "content_top1": 0.5272586110456521,
      "content_mass_share": 0.012395376024214791,
      "frac_top1_is_content": 0.0,
      "attn_gini_mean": 0.7734593120516888,
      "attn_gini_agg": 0.6979521424442904,
      "attn_top1_agg": 0.1704044588022319,
      "attn_n": 300,
      "rd_all_k4": 0.631578947368421,
      "rd_content_k4": 0.009111617312072893,
      "exp2_summary": "/diskthalys/ssd14tc/sfukuhata/dev/kanolab/typo_robust_analysis/.claude/worktrees/exp-02-target-deletion/projects/typo-cot/results/prod/exp2/gemma-3-4b-it_gsm8k_core/summary.json"
    },
    {
      "model": "gemma-3-4b-it",
      "family": "gemma",
      "benchmark": "mmlu",
      "loo_n": 293,
      "loo_gini": 0.7972017426918006,
      "loo_top1": 0.4924612120743199,
      "loo_top4": 0.721768830416622,
      "loo_eff_count": 6.893997328041451,
      "loo_n_words": 47.027303754266214,
      "content_gini": 0.6935566205756537,
      "content_top1": 0.4091337334185514,
      "content_mass_share": 0.6014216974544416,
      "frac_top1_is_content": 0.6006825938566553,
      "attn_gini_mean": 0.7565153082824829,
      "attn_gini_agg": 0.6704460249317968,
      "attn_top1_agg": 0.18894943022152452,
      "attn_n": 293,
      "rd_all_k4": 0.1720183486238532,
      "rd_content_k4": 0.07956989247311828,
      "exp2_summary": "/diskthalys/ssd14tc/sfukuhata/dev/kanolab/typo_robust_analysis/.claude/worktrees/exp-02-target-deletion/projects/typo-cot/results/prod/exp2/gemma-3-4b-it_mmlu_core/summary.json"
    },
    {
      "model": "Llama-3.2-1B-Instruct",
      "family": "llama",
      "benchmark": "gsm8k",
      "loo_n": 300,
      "loo_gini": 0.8535900432926021,
      "loo_top1": 0.7217389884547055,
      "loo_top4": 0.8852905722835595,
      "loo_eff_count": 2.5718670085820152,
      "loo_n_words": 25.35,
      "content_gini": 0.5275600947078188,
      "content_top1": 0.473159248783255,
      "content_mass_share": 0.08628472507689408,
      "frac_top1_is_content": 0.043333333333333335,
      "attn_gini_mean": 0.7107848702754938,
      "attn_gini_agg": 0.6692675716307455,
      "attn_top1_agg": 0.20542110881381992,
      "attn_n": 300,
      "rd_all_k4": 0.5842450765864332,
      "rd_content_k4": 0.3906810035842294,
      "exp2_summary": "/diskthalys/ssd14tc/sfukuhata/dev/kanolab/typo_robust_analysis/.claude/worktrees/exp-02-target-deletion/projects/typo-cot/results/prod/exp2/Llama-3.2-1B-Instruct_gsm8k_core/summary.json"
    },
    {
      "model": "Llama-3.2-1B-Instruct",
      "family": "llama",
      "benchmark": "mmlu",
      "loo_n": 298,
      "loo_gini": 0.7742270326804419,
      "loo_top1": 0.4897981484557728,
      "loo_top4": 0.7402214459427867,
      "loo_eff_count": 6.148441546416917,
      "loo_n_words": 33.13422818791946,
      "content_gini": 0.7084656545431705,
      "content_top1": 0.4741659102330984,
      "content_mass_share": 0.6536158244218074,
      "frac_top1_is_content": 0.697986577181208,
      "attn_gini_mean": 0.651167166141241,
      "attn_gini_agg": 0.5579397134148296,
      "attn_top1_agg": 0.28652316928087707,
      "attn_n": 298,
      "rd_all_k4": 0.5118279569892473,
      "rd_content_k4": 0.4957446808510638,
      "exp2_summary": "/diskthalys/ssd14tc/sfukuhata/dev/kanolab/typo_robust_analysis/.claude/worktrees/exp-02-target-deletion/projects/typo-cot/results/prod/exp2/Llama-3.2-1B-Instruct_mmlu_core/summary.json"
    },
    {
      "model": "Llama-3.2-3B-Instruct",
      "family": "llama",
      "benchmark": "gsm8k",
      "loo_n": 300,
      "loo_gini": 0.843079732890948,
      "loo_top1": 0.6485620334549335,
      "loo_top4": 0.8403943703605703,
      "loo_eff_count": 3.018386341176013,
      "loo_n_words": 31.546666666666667,
      "content_gini": 0.5313171973533225,
      "content_top1": 0.3704809830013134,
      "content_mass_share": 0.062062374902878144,
      "frac_top1_is_content": 0.006666666666666667,
      "attn_gini_mean": 0.7261604440505919,
      "attn_gini_agg": 0.6824957613231442,
      "attn_top1_agg": 0.2131241563630697,
      "attn_n": 300,
      "rd_all_k4": 0.5502092050209205,
      "rd_content_k4": 0.33248730964467005,
      "exp2_summary": "/diskthalys/ssd14tc/sfukuhata/dev/kanolab/typo_robust_analysis/.claude/worktrees/exp-02-target-deletion/projects/typo-cot/results/prod/exp2/Llama-3.2-3B-Instruct_gsm8k_core/summary.json"
    },
    {
      "model": "Llama-3.2-3B-Instruct",
      "family": "llama",
      "benchmark": "mmlu",
      "loo_n": 297,
      "loo_gini": 0.740665537310081,
      "loo_top1": 0.45220494895149227,
      "loo_top4": 0.665628687339608,
      "loo_eff_count": 8.426390072541976,
      "loo_n_words": 40.54882154882155,
      "content_gini": 0.6449074515048016,
      "content_top1": 0.37147520575277193,
      "content_mass_share": 0.5811510003964327,
      "frac_top1_is_content": 0.5925925925925926,
      "attn_gini_mean": 0.6392543898534936,
      "attn_gini_agg": 0.5934687615947087,
      "attn_top1_agg": 0.23265327030709687,
      "attn_n": 296,
      "rd_all_k4": 0.4779735682819383,
      "rd_content_k4": 0.47925311203319504,
      "exp2_summary": "/diskthalys/ssd14tc/sfukuhata/dev/kanolab/typo_robust_analysis/.claude/worktrees/exp-02-target-deletion/projects/typo-cot/results/prod/exp2/Llama-3.2-3B-Instruct_mmlu_core/summary.json"
    },
    {
      "model": "Mistral-7B-Instruct-v0.3",
      "family": "mistral",
      "benchmark": "gsm8k",
      "loo_n": 300,
      "loo_gini": 0.8680229348526921,
      "loo_top1": 0.7223472638518285,
      "loo_top4": 0.8811154647935825,
      "loo_eff_count": 2.5628102889467255,
      "loo_n_words": 33.57666666666667,
      "content_gini": 0.4508023355410319,
      "content_top1": 0.3216017781174547,