{
  "clip_negative": true,
  "settings": {
    "Llama-3.2-1B-Instruct_gsm8k_clean_occ": {
      "model": "Llama-3.2-1B-Instruct",
      "benchmark": "gsm8k",
      "n_samples": 300,
      "mean_gini": 0.8535900432926021,
      "median_gini": 0.8882986076622278,
      "mean_top1_share": 0.7217389884547055,
      "median_top1_share": 0.7792800688364312,
      "mean_top4_share": 0.8852905722835595,
      "mean_effective_count": 2.5718670085820152,
      "mean_n_words": 25.35,
      "mean_content_gini": 0.5275600947078188,
      "mean_content_top1_share": 0.473159248783255,
      "mean_content_mass_share": 0.08628472507689408,
      "frac_top1_is_content": 0.043333333333333335,
      "mean_n_content_words": 8.636666666666667
    },
    "Llama-3.2-1B-Instruct_mmlu_clean_occ": {
      "model": "Llama-3.2-1B-Instruct",
      "benchmark": "mmlu",
      "n_samples": 298,
      "mean_gini": 0.7742270326804419,
      "median_gini": 0.8088620162761371,
      "mean_top1_share": 0.4897981484557728,
      "median_top1_share": 0.43248150820022124,
      "mean_top4_share": 0.7402214459427867,
      "mean_effective_count": 6.148441546416917,
      "mean_n_words": 33.13422818791946,
      "mean_content_gini": 0.7084656545431705,
      "mean_content_top1_share": 0.4741659102330984,
      "mean_content_mass_share": 0.6536158244218074,
      "frac_top1_is_content": 0.697986577181208,
      "mean_n_content_words": 19.590604026845636
    },
    "Llama-3.2-3B-Instruct_gsm8k_clean_occ": {
      "model": "Llama-3.2-3B-Instruct",
      "benchmark": "gsm8k",
      "n_samples": 300,
      "mean_gini": 0.843079732890948,
      "median_gini": 0.8635176108509277,
      "mean_top1_share": 0.6485620334549335,
      "median_top1_share": 0.6815223851922108,
      "mean_top4_share": 0.8403943703605703,
      "mean_effective_count": 3.018386341176013,
      "mean_n_words": 31.546666666666667,
      "mean_content_gini": 0.5313171973533225,
      "mean_content_top1_share": 0.3704809830013134,
      "mean_content_mass_share": 0.062062374902878144,
      "frac_top1_is_content": 0.006666666666666667,
      "mean_n_content_words": 11.753333333333334
    },
    "Llama-3.2-3B-Instruct_mmlu_clean_occ": {
      "model": "Llama-3.2-3B-Instruct",
      "benchmark": "mmlu",
      "n_samples": 297,
      "mean_gini": 0.740665537310081,
      "median_gini": 0.7649154128081186,
      "mean_top1_share": 0.45220494895149227,
      "median_top1_share": 0.35797180164865183,
      "mean_top4_share": 0.665628687339608,
      "mean_effective_count": 8.426390072541976,
      "mean_n_words": 40.54882154882155,
      "mean_content_gini": 0.6449074515048016,
      "mean_content_top1_share": 0.37147520575277193,
      "mean_content_mass_share": 0.5811510003964327,
      "frac_top1_is_content": 0.5925925925925926,
      "mean_n_content_words": 23.96969696969697
    },
    "Mistral-7B-Instruct-v0.3_gsm8k_clean_occ": {
      "model": "Mistral-7B-Instruct-v0.3",
      "benchmark": "gsm8k",
      "n_samples": 300,
      "mean_gini": 0.8680229348526921,
      "median_gini": 0.8996564210846443,
      "mean_top1_share": 0.7223472638518285,
      "median_top1_share": 0.7834934068670725,
      "mean_top4_share": 0.8811154647935825,
      "mean_effective_count": 2.5628102889467255,
      "mean_n_words": 33.57666666666667,
      "mean_content_gini": 0.4508023355410319,
      "mean_content_top1_share": 0.3216017781174547,
      "mean_content_mass_share": 0.08528023483329014,
      "frac_top1_is_content": 0.04,
      "mean_n_content_words": 12.443333333333333
    },
    "Mistral-7B-Instruct-v0.3_mmlu_clean_occ": {
      "model": "Mistral-7B-Instruct-v0.3",
      "benchmark": "mmlu",
      "n_samples": 295,
      "mean_gini": 0.7127315894376661,
      "median_gini": 0.7242134091347487,
      "mean_top1_share": 0.45834505566043454,
      "median_top1_share": 0.3552121629036184,
      "mean_top4_share": 0.678400160371034,
      "mean_effective_count": 7.660036419172809,
      "mean_n_words": 33.15593220338983,
      "mean_content_gini": 0.6527722042561286,
      "mean_content_top1_share": 0.4350029753650039,
      "mean_content_mass_share": 0.6366573933767816,
      "frac_top1_is_content": 0.6847457627118644,
      "mean_n_content_words": 19.603389830508476
    },
    "gemma-3-1b-it_gsm8k_clean_occ": {
      "model": "gemma-3-1b-it",
      "benchmark": "gsm8k",
      "n_samples": 300,
      "mean_gini": 0.9336152850677166,
      "median_gini": 0.9583003680840732,
      "mean_top1_share": 0.7960374371915535,
      "median_top1_share": 0.9445799049530275,
      "mean_top4_share": 0.9448208741232618,
      "mean_effective_count": 2.0875279391220545,
      "mean_n_words": 40.21333333333333,
      "mean_content_gini": 0.683507572844996,
      "mean_content_top1_share": 0.5060812384317162,
      "mean_content_mass_share": 0.03499830700657801,
      "frac_top1_is_content": 0.023333333333333334,
      "mean_n_content_words": 15.89
    },
    "gemma-3-1b-it_mmlu_clean_occ": {
      "model": "gemma-3-1b-it",
      "benchmark": "mmlu",
      "n_samples": 292,
      "mean_gini": 0.7731723788715689,
      "median_gini": 0.8412026441100335,
      "mean_top1_share": 0.5096115827951402,
      "median_top1_share": 0.4510412445917807,
      "mean_top4_share": 0.7440355880673877,
      "mean_effective_count": 6.795113085236545,
      "mean_n_words": 44.92123287671233,
      "mean_content_gini": 0.685663913331047,
      "mean_content_top1_share": 0.4466912432319254,
      "mean_content_mass_share": 0.5379799679793187,
      "frac_top1_is_content": 0.5616438356164384,
      "mean_n_content_words": 29.03767123287671
    },
    "gemma-3-4b-it_gsm8k_clean_occ": {
      "model": "gemma-3-4b-it",
      "benchmark": "gsm8k",
      "n_samples": 300,
      "mean_gini": 0.9158093675361357,
      "median_gini": 0.9247411823411962,
      "mean_top1_share": 0.598234199503728,
      "median_top1_share": 0.5687287190934377,
      "mean_top4_share": 0.9484130207047906,
      "mean_effective_count": 2.6033735525041757,
      "mean_n_words": 34.42666666666667,
      "mean_content_gini": 0.6718751593473264,
      "mean_content_top1_share": 0.5272586110456521,
      "mean_content_mass_share": 0.012395376024214791,
      "frac_top1_is_content": 0.0,
      "mean_n_content_words": 12.826666666666666
    },
    "gemma-3-4b-it_mmlu_clean_occ": {
      "model": "gemma-3-4b-it",
      "benchmark": "mmlu",
      "n_samples": 293,
      "mean_gini": 0.7972017426918006,
      "median_gini": 0.8381513332066821,
      "mean_top1_share": 0.4924612120743199,
      "median_top1_share": 0.419887957877053,
      "mean_top4_share": 0.721768830416622,
      "mean_effective_count": 6.893997328041451,
      "mean_n_words": 47.027303754266214,
      "mean_content_gini": 0.6935566205756537,
      "mean_content_top1_share": 0.4091337334185514,
      "mean_content_mass_share": 0.6014216974544416,
      "frac_top1_is_content": 0.6006825938566553,
      "mean_n_content_words": 29.78839590443686
    }
  }
}