layer,rel_depth,n,median,median_lo,median_hi,mean,ci_lo,ci_hi
0,0.0,2,1.0000000006352967,0.9999999933554587,1.0000000079151348,1.0000000006352967,0.9999999933554587,1.0000000079151348
3,0.09375,2,1.0000000006352967,0.9999999933554587,1.0000000079151348,1.0000000006352967,0.9999999933554587,1.0000000079151348
6,0.1875,2,1.0000000006352967,0.9999999933554587,1.0000000079151348,1.0000000006352967,0.9999999933554587,1.0000000079151348
9,0.28125,2,1.0000000006352967,0.9999999933554587,1.0000000079151348,1.0000000006352967,0.9999999933554587,1.0000000079151348
