layer,rel_depth,n,median,median_lo,median_hi,mean,ci_lo,ci_hi
0,0.0,143,0.13817307780776078,0.022288249651108427,0.21515595084794392,-0.48452875520657124,-0.8957386902680767,-0.15722746706954713
1,0.03125,143,0.3218651869978837,0.21203892206682717,0.44708118720296186,-0.27513984838135236,-0.6770014680914777,0.039319309075543166
2,0.0625,143,0.28490122073002444,0.21709979362220422,0.37009831722982345,-0.3106718516241146,-0.7297986953260405,0.025318282561054492
3,0.09375,143,0.3021574419132519,0.19810134509630772,0.3686550717093421,-0.3218378327804404,-0.8888093192965102,0.12327264853767142
4,0.125,143,0.2647947328683812,0.20742954428667448,0.34856653262177817,-0.13668873512483426,-0.509967063503255,0.14959119554799033
5,0.15625,143,0.23198603907913506,0.15213566497172237,0.3230414735800762,-0.1170571462056218,-0.4768901348677262,0.1518727039598252
6,0.1875,143,0.24459482035362,0.1688193042692855,0.32827651008732484,-0.07706656647667949,-0.4229781161061981,0.1827149043767493
7,0.21875,143,0.2148996998755185,0.1286498098994584,0.29429316108452874,-0.06113206265621191,-0.40208998478380276,0.17949934351429625
