layer,rel_depth,n,median,median_lo,median_hi,mean,ci_lo,ci_hi
0,0.0,269,0.11111293414275936,-0.1496710535962975,0.28126484996529444,-5.255220772387652,-8.922088888530622,-1.9767805938012388
1,0.029411764705882353,269,0.23856838227114552,0.14837959794984878,0.3897153284976538,-3.1992878949325982,-5.479250627805464,-1.3982694868547338
2,0.058823529411764705,269,0.4365321531237527,0.27733050437722395,0.5434219039710567,-0.8756676067907018,-1.846573536934665,-0.18968328595267875
3,0.08823529411764706,269,0.46442490933853964,0.3814346735238193,0.5629123221407528,-0.35285054241400027,-0.7508590895767607,-0.030266881379552416
4,0.11764705882352941,269,0.4729803417598679,0.35486742818980255,0.5548679117547792,-0.13999410144974,-0.47068233590782105,0.1255274547972962
5,0.14705882352941177,269,0.46555973739682455,0.35707705660708167,0.5287650485223737,-0.1526658897012448,-0.44013278900346625,0.08816411760267527
6,0.17647058823529413,269,0.4354309763381602,0.36043348898262306,0.5381551616506579,0.011314727811844607,-0.1855458800343264,0.1891618409155583
7,0.20588235294117646,269,0.43189847935252257,0.34127212451938305,0.49736012653186623,0.009867915943054592,-0.20878558697156918,0.1959343260849771
