{
  "clean_results": "/home/sfukuhata/dev/kanolab/archive/2025/JSAI2026/outputs/baseline/gemma-3-1b-it_gsm8k/results.json",
  "lxt_results": "/home/sfukuhata/dev/kanolab/archive/2025/JSAI2026/outputs/perturbed/gemma-3-1b-it_gsm8k_k4_importance/results.json",
  "matched_results": "results/exp5/perturbed/gemma-3-1b-it_gsm8k_k4_matched_rnd/results.json",
  "n_paired": 1318,
  "acc": {
    "clean": 0.40440060698027314,
    "lxt4": 0.3300455235204856,
    "matched_rnd4": 0.32473444613050073
  },
  "drop_vs_clean": {
    "lxt4": 0.07435508345978753,
    "matched_rnd4": 0.0796661608497724
  },
  "matched_vs_lxt": {
    "n": 1318,
    "n01": 136,
    "n10": 143,
    "acc_a": 0.32473444613050073,
    "acc_b": 0.3300455235204856,
    "risk_diff": -0.005311077389984826,
    "risk_diff_ci95": [
      -0.030148461000068922,
      0.01952630622009927
    ],
    "mcnemar_p": 0.7195078635236153
  },
  "matched_vs_lxt_clean_correct_only": {
    "n": 533,
    "n01": 89,
    "n10": 67,
    "acc_a": 0.6716697936210131,
    "acc_b": 0.6303939962476548,
    "risk_diff": 0.04127579737335835,
    "risk_diff_ci95": [
      -0.004518930818756671,
      0.08707052556547337
    ],
    "mcnemar_p": 0.09237684581860016
  }
}