{
  "clean_results": "/home/sfukuhata/dev/kanolab/archive/2025/JSAI2026/outputs/baseline/gemma-3-4b-it_mmlu/results.json",
  "lxt_results": "/home/sfukuhata/dev/kanolab/archive/2025/JSAI2026/outputs/perturbed/gemma-3-4b-it_mmlu_k4_importance/results.json",
  "matched_results": "results/exp5/perturbed/gemma-3-4b-it_mmlu_k4_matched_rnd/results.json",
  "n_paired": 2850,
  "acc": {
    "clean": 0.632280701754386,
    "lxt4": 0.5859649122807018,
    "matched_rnd4": 0.6098245614035088
  },
  "drop_vs_clean": {
    "lxt4": 0.0463157894736842,
    "matched_rnd4": 0.022456140350877174
  },
  "matched_vs_lxt": {
    "n": 2850,
    "n01": 362,
    "n10": 294,
    "acc_a": 0.6098245614035088,
    "acc_b": 0.5859649122807018,
    "risk_diff": 0.023859649122807018,
    "risk_diff_ci95": [
      0.006267559669954029,
      0.04145173857566001
    ],
    "mcnemar_p": 0.008848331375380564
  },
  "matched_vs_lxt_clean_correct_only": {
    "n": 1802,
    "n01": 250,
    "n10": 151,
    "acc_a": 0.8529411764705882,
    "acc_b": 0.7980022197558269,
    "risk_diff": 0.05493895671476138,
    "risk_diff_ci95": [
      0.03330678801184633,
      0.07657112541767642
    ],
    "mcnemar_p": 8.754612963597702e-07
  }
}