layer,rel_depth,n,median,median_lo,median_hi,mean,ci_lo,ci_hi
0,0.0,292,0.08860806946081295,-0.0035876057529247163,0.1675849913619365,-1.3886784617698684,-2.7080171975681306,-0.5525577451314228
1,0.03125,292,0.3075302670648764,0.20881738929390797,0.36821514171702985,-0.28207046318599044,-0.5597807519713531,-0.06309539800795862
2,0.0625,292,0.3069234460508632,0.23795655318404674,0.3674222908355196,-0.2216857677849788,-0.48517344845101357,0.00037834636932125023
3,0.09375,292,0.30907262100899013,0.20836134214044494,0.3754037522132867,-0.2257445154862723,-0.5719674840567547,0.036171354036244815
4,0.125,292,0.2654036938711017,0.21969756754685021,0.3411654831898273,-0.09436993997981459,-0.32838413968297636,0.0913535784221001
5,0.15625,292,0.24262520580307184,0.18369697469841773,0.3230414735800762,-0.11943669666232411,-0.34861288477381747,0.07432564374975335
6,0.1875,292,0.25193083979088277,0.20392196993965894,0.29587056871904965,-0.10175980882490673,-0.3435001526754016,0.0936092585470273
7,0.21875,292,0.23711285533143422,0.17234259931605067,0.2981665261585638,-0.12094697760153311,-0.38216349150969503,0.08893598159227173
